Winner,Column2
NA,2010 (83rd)
NA,ACTOR IN A LEADING ROLE
Nominee,"Javier Bardem -- Biutiful {""Uxbal""}"
Nominee,"Jeff Bridges -- True Grit {""Rooster Cogburn""}"
Nominee,"Jesse Eisenberg -- The Social Network {""Mark Zuckerberg""}"
Winner,"Colin Firth -- The King's Speech {""King George VI""}"
Nominee,"James Franco -- 127 Hours {""Aron Ralston""}"
NA,ACTOR IN A SUPPORTING ROLE
Winner,"Christian Bale -- The Fighter {""Dicky Eklund""}"
Nominee,"John Hawkes -- Winter's Bone {""Teardrop""}"
Nominee,"Jeremy Renner -- The Town {""James Coughlin""}"
Nominee,"Mark Ruffalo -- The Kids Are All Right {""Paul""}"
Nominee,"Geoffrey Rush -- The King's Speech {""Lionel Logue""}"
NA,ACTRESS IN A LEADING ROLE
Nominee,"Annette Bening -- The Kids Are All Right {""Nic""}"
Nominee,"Nicole Kidman -- Rabbit Hole {""Becca""}"
Nominee,"Jennifer Lawrence -- Winter's Bone {""Ree""}"
Winner,"Natalie Portman -- Black Swan {""Nina Sayers/The Swan Queen""}"
Nominee,"Michelle Williams -- Blue Valentine {""Cindy""}"
NA,ACTRESS IN A SUPPORTING ROLE
Nominee,"Amy Adams -- The Fighter {""Charlene Fleming""}"
Nominee,"Helena Bonham Carter -- The King's Speech {""Queen Elizabeth""}"
Winner,"Melissa Leo -- The Fighter {""Alice Ward""}"
Nominee,"Hailee Steinfeld -- True Grit {""Mattie Ross""}"
Nominee,"Jacki Weaver -- Animal Kingdom {""Janine 'Smurf' Cody""}"
NA,DIRECTING
Nominee,Black Swan -- Darren Aronofsky
Nominee,The Fighter -- David O. Russell
Winner,The King's Speech -- Tom Hooper
Nominee,The Social Network -- David Fincher
Nominee,True Grit -- Joel Coen and Ethan Coen
NA,BEST PICTURE
Nominee,"Black Swan -- Mike Medavoy, Brian Oliver and Scott Franklin, Producers"
Nominee,"The Fighter -- David Hoberman, Todd Lieberman and Mark Wahlberg, Producers"
Nominee,"Inception -- Emma Thomas and Christopher Nolan, Producers"
Nominee,"The Kids Are All Right -- Gary Gilbert, Jeffrey Levy-Hinte and Celine Rattray, Producers"
Winner,"The King's Speech -- Iain Canning, Emile Sherman and Gareth Unwin, Producers"
Nominee,"127 Hours -- Christian Colson, Danny Boyle and John Smithson, Producers"
Nominee,"The Social Network -- Scott Rudin, Dana Brunetti, Michael De Luca and Ceán Chaffin, Producers"
Nominee,"Toy Story 3 -- Darla K. Anderson, Producer"
Nominee,"True Grit -- Scott Rudin, Ethan Coen and Joel Coen, Producers"
Nominee,"Winter's Bone -- Anne Rosellini and Alix Madigan-Yorkin, Producers"
NA,2011 (84th)
NA,ACTOR IN A LEADING ROLE
Nominee,"Demián Bichir -- A Better Life {""Carlos Galindo""}"
Nominee,"George Clooney -- The Descendants {""Matt King""}"
Winner,"Jean Dujardin -- The Artist {""George Valentin""}"
Nominee,"Gary Oldman -- Tinker Tailor Soldier Spy {""George Smiley""}"
Nominee,"Brad Pitt -- Moneyball {""Billy Beane""}"
NA,ACTOR IN A SUPPORTING ROLE
Nominee,"Kenneth Branagh -- My Week with Marilyn {""Sir Laurence Olivier""}"
Nominee,"Jonah Hill -- Moneyball {""Peter Brand""}"
Nominee,"Nick Nolte -- Warrior {""Paddy Conlon""}"
Winner,"Christopher Plummer -- Beginners {""Hal""}"
Nominee,"Max von Sydow -- Extremely Loud & Incredibly Close {""The Renter""}"
NA,ACTRESS IN A LEADING ROLE
Nominee,"Glenn Close -- Albert Nobbs {""Albert Nobbs""}"
Nominee,"Viola Davis -- The Help {""Aibileen Clark""}"
Nominee,"Rooney Mara -- The Girl with the Dragon Tattoo {""Lisbeth Salander""}"
Winner,"Meryl Streep -- The Iron Lady {""Margaret Thatcher""}"
Nominee,"Michelle Williams -- My Week with Marilyn {""Marilyn Monroe""}"
NA,ACTRESS IN A SUPPORTING ROLE
Nominee,"Bérénice Bejo -- The Artist {""Peppy Miller""}"
Nominee,"Jessica Chastain -- The Help {""Celia Foote""}"
Nominee,"Melissa McCarthy -- Bridesmaids {""Megan""}"
Nominee,"Janet McTeer -- Albert Nobbs {""Hubert Page""}"
Winner,"Octavia Spencer -- The Help {""Minny Jackson""}"
NA,DIRECTING
Winner,The Artist -- Michel Hazanavicius
Nominee,The Descendants -- Alexander Payne
Nominee,Hugo -- Martin Scorsese
Nominee,Midnight in Paris -- Woody Allen
Nominee,The Tree of Life -- Terrence Malick
NA,BEST PICTURE
Winner,"The Artist -- Thomas Langmann, Producer"
Nominee,"The Descendants -- Jim Burke, Alexander Payne and Jim Taylor, Producers"
Nominee,"Extremely Loud & Incredibly Close -- Scott Rudin, Producer"
Nominee,"The Help -- Brunson Green, Chris Columbus and Michael Barnathan, Producers"
Nominee,"Hugo -- Graham King and Martin Scorsese, Producers"
Nominee,"Midnight in Paris -- Letty Aronson and Stephen Tenenbaum, Producers"
Nominee,"Moneyball -- Michael De Luca, Rachael Horovitz and Brad Pitt, Producers"
Nominee,"The Tree of Life -- Sarah Green, Bill Pohlad, Dede Gardner and Grant Hill, Producers"
Nominee,"War Horse -- Steven Spielberg and Kathleen Kennedy, Producers"
NA,2012 (85th)
NA,ACTOR IN A LEADING ROLE
Nominee,"Bradley Cooper -- Silver Linings Playbook {""Pat""}"
Winner,"Daniel Day-Lewis -- Lincoln {""Abraham Lincoln""}"
Nominee,"Hugh Jackman -- Les Misérables {""Jean Valjean""}"
Nominee,"Joaquin Phoenix -- The Master {""Freddie Quell""}"
Nominee,"Denzel Washington -- Flight {""Whip Whitaker""}"
NA,ACTOR IN A SUPPORTING ROLE
Nominee,"Alan Arkin -- Argo {""Lester Siegel""}"
Nominee,"Robert De Niro -- Silver Linings Playbook {""Pat Sr.""}"
Nominee,"Philip Seymour Hoffman -- The Master {""Lancaster Dodd""}"
Nominee,"Tommy Lee Jones -- Lincoln {""Thaddeus Stevens""}"
Winner,"Christoph Waltz -- Django Unchained {""Dr. King Schultz""}"
NA,ACTRESS IN A LEADING ROLE
Nominee,"Jessica Chastain -- Zero Dark Thirty {""Maya""}"
Winner,"Jennifer Lawrence -- Silver Linings Playbook {""Tiffany""}"
Nominee,"Emmanuelle Riva -- Amour {""Anne""}"
Nominee,"Quvenzhané Wallis -- Beasts of the Southern Wild {""Hushpuppy""}"
Nominee,"Naomi Watts -- The Impossible {""Maria""}"
NA,ACTRESS IN A SUPPORTING ROLE
Nominee,"Amy Adams -- The Master {""Peggy Dodd""}"
Nominee,"Sally Field -- Lincoln {""Mary Todd Lincoln""}"
Winner,"Anne Hathaway -- Les Misérables {""Fantine""}"
Nominee,"Helen Hunt -- The Sessions {""Cheryl""}"
Nominee,"Jacki Weaver -- Silver Linings Playbook {""Dolores""}"
NA,DIRECTING
Nominee,Amour -- Michael Haneke
Nominee,Beasts of the Southern Wild -- Benh Zeitlin
Winner,Life of Pi -- Ang Lee
Nominee,Lincoln -- Steven Spielberg
Nominee,Silver Linings Playbook -- David O. Russell
NA,BEST PICTURE
Nominee,"Amour -- Margaret Menegoz, Stefan Arndt, Veit Heiduschka and Michael Katz, Producers"
Winner,"Argo -- Grant Heslov, Ben Affleck and George Clooney, Producers"
Nominee,"Beasts of the Southern Wild -- Dan Janvey, Josh Penn and Michael Gottwald, Producers"
Nominee,"Django Unchained -- Stacey Sher, Reginald Hudlin and Pilar Savone, Producers"
Nominee,"Les Misérables -- Tim Bevan, Eric Fellner, Debra Hayward and Cameron Mackintosh, Producers"
Nominee,"Life of Pi -- Gil Netter, Ang Lee and David Womark, Producers"
Nominee,"Lincoln -- Steven Spielberg and Kathleen Kennedy, Producers"
Nominee,"Silver Linings Playbook -- Donna Gigliotti, Bruce Cohen and Jonathan Gordon, Producers"
Nominee,"Zero Dark Thirty -- Mark Boal, Kathryn Bigelow and Megan Ellison, Producers"
NA,2013 (86th)
NA,ACTOR IN A LEADING ROLE
Nominee,"Christian Bale -- American Hustle {""Irving Rosenfeld""}"
Nominee,"Bruce Dern -- Nebraska {""Woody Grant""}"
Nominee,"Leonardo DiCaprio -- The Wolf of Wall Street {""Jordan Belfort""}"
Nominee,"Chiwetel Ejiofor -- 12 Years a Slave {""Solomon Northup""}"
Winner,"Matthew McConaughey -- Dallas Buyers Club {""Ron Woodroof""}"
NA,ACTOR IN A SUPPORTING ROLE
Nominee,"Barkhad Abdi -- Captain Phillips {""Muse""}"
Nominee,"Bradley Cooper -- American Hustle {""Richie DiMaso""}"
Nominee,"Michael Fassbender -- 12 Years a Slave {""Edwin Epps""}"
Nominee,"Jonah Hill -- The Wolf of Wall Street {""Donnie Azoff""}"
Winner,"Jared Leto -- Dallas Buyers Club {""Rayon""}"
NA,ACTRESS IN A LEADING ROLE
Nominee,"Amy Adams -- American Hustle {""Sydney Prosser""}"
Winner,"Cate Blanchett -- Blue Jasmine {""Jasmine""}"
Nominee,"Sandra Bullock -- Gravity {""Ryan Stone""}"
Nominee,"Judi Dench -- Philomena {""Philomena""}"
Nominee,"Meryl Streep -- August: Osage County {""Violet Weston""}"
NA,ACTRESS IN A SUPPORTING ROLE
Nominee,"Sally Hawkins -- Blue Jasmine {""Ginger""}"
Nominee,"Jennifer Lawrence -- American Hustle {""Rosalyn Rosenfeld""}"
Winner,"Lupita Nyong'o -- 12 Years a Slave {""Patsey""}"
Nominee,"Julia Roberts -- August: Osage County {""Barbara Weston""}"
Nominee,"June Squibb -- Nebraska {""Kate Grant""}"
NA,DIRECTING
Nominee,American Hustle -- David O. Russell
Winner,Gravity -- Alfonso Cuarón
Nominee,Nebraska -- Alexander Payne
Nominee,12 Years a Slave -- Steve McQueen
Nominee,The Wolf of Wall Street -- Martin Scorsese
NA,BEST PICTURE
Nominee,"American Hustle -- Charles Roven, Richard Suckle, Megan Ellison and Jonathan Gordon, Producers"
Nominee,"Captain Phillips -- Scott Rudin, Dana Brunetti and Michael De Luca, Producers"
Nominee,"Dallas Buyers Club -- Robbie Brenner and Rachel Winter, Producers"
Nominee,"Gravity -- Alfonso Cuarón and David Heyman, Producers"
Nominee,"Her -- Megan Ellison, Spike Jonze and Vincent Landay, Producers"
Nominee,"Nebraska -- Albert Berger and Ron Yerxa, Producers"
Nominee,"Philomena -- Gabrielle Tana, Steve Coogan and Tracey Seaward, Producers"
Winner,"12 Years a Slave -- Brad Pitt, Dede Gardner, Jeremy Kleiner, Steve McQueen and Anthony Katagas, Producers"
Nominee,"The Wolf of Wall Street -- Martin Scorsese, Leonardo DiCaprio, Joey McFarland and Emma Tillinger Koskoff, Producers"
NA,2014 (87th)
NA,ACTOR IN A LEADING ROLE
Nominee,"Steve Carell -- Foxcatcher {""John du Pont""}"
Nominee,"Bradley Cooper -- American Sniper {""Chris Kyle""}"
Nominee,"Benedict Cumberbatch -- The Imitation Game {""Alan Turing""}"
Nominee,"Michael Keaton -- Birdman or (The Unexpected Virtue of Ignorance) {""Riggan""}"
Winner,"Eddie Redmayne -- The Theory of Everything {""Stephen Hawking""}"
NA,ACTOR IN A SUPPORTING ROLE
Nominee,"Robert Duvall -- The Judge {""Joseph Palmer""}"
Nominee,"Ethan Hawke -- Boyhood {""Dad""}"
Nominee,"Edward Norton -- Birdman or (The Unexpected Virtue of Ignorance) {""Mike""}"
Nominee,"Mark Ruffalo -- Foxcatcher {""David Schultz""}"
Winner,"J.K. Simmons -- Whiplash {""Fletcher""}"
NA,ACTRESS IN A LEADING ROLE
Nominee,"Marion Cotillard -- Two Days, One Night {""Sandra""}"
Nominee,"Felicity Jones -- The Theory of Everything {""Jane Hawking""}"
Winner,"Julianne Moore -- Still Alice {""Alice Howland""}"
Nominee,"Rosamund Pike -- Gone Girl {""Amy Dunne""}"
Nominee,"Reese Witherspoon -- Wild {""Cheryl""}"
NA,ACTRESS IN A SUPPORTING ROLE
Winner,"Patricia Arquette -- Boyhood {""Mom""}"
Nominee,"Laura Dern -- Wild {""Bobbi""}"
Nominee,"Keira Knightley -- The Imitation Game {""Joan Clarke""}"
Nominee,"Emma Stone -- Birdman or (The Unexpected Virtue of Ignorance) {""Sam""}"
Nominee,"Meryl Streep -- Into the Woods {""Witch""}"
NA,DIRECTING
Winner,Birdman or (The Unexpected Virtue of Ignorance) -- Alejandro G. Iñárritu
Nominee,Boyhood -- Richard Linklater
Nominee,Foxcatcher -- Bennett Miller
Nominee,The Grand Budapest Hotel -- Wes Anderson
Nominee,The Imitation Game -- Morten Tyldum
NA,BEST PICTURE
Nominee,"American Sniper -- Clint Eastwood, Robert Lorenz, Andrew Lazar, Bradley Cooper and Peter Morgan, Producers"
Winner,"Birdman or (The Unexpected Virtue of Ignorance) -- Alejandro G. Iñárritu, John Lesher and James W. Skotchdopole, Producers"
Nominee,"Boyhood -- Richard Linklater and Cathleen Sutherland, Producers"
Nominee,"The Grand Budapest Hotel -- Wes Anderson, Scott Rudin, Steven Rales and Jeremy Dawson, Producers"
Nominee,"The Imitation Game -- Nora Grossman, Ido Ostrowsky and Teddy Schwarzman, Producers"
Nominee,"Selma -- Christian Colson, Oprah Winfrey, Dede Gardner and Jeremy Kleiner, Producers"
Nominee,"The Theory of Everything -- Tim Bevan, Eric Fellner, Lisa Bruce and Anthony McCarten, Producers"
Nominee,"Whiplash -- Jason Blum, Helen Estabrook and David Lancaster, Producers"
NA,2015 (88th)
NA,ACTOR IN A LEADING ROLE
Nominee,"Bryan Cranston -- Trumbo {""Dalton Trumbo""}"
Nominee,"Matt Damon -- The Martian {""Mark Watney""}"
Winner,"Leonardo DiCaprio -- The Revenant {""Hugh Glass""}"
Nominee,"Michael Fassbender -- Steve Jobs {""Steve Jobs""}"
Nominee,"Eddie Redmayne -- The Danish Girl {""Lili""}"
NA,ACTOR IN A SUPPORTING ROLE
Nominee,"Christian Bale -- The Big Short {""Michael Burry""}"
Nominee,"Tom Hardy -- The Revenant {""John Fitzgerald""}"
Nominee,"Mark Ruffalo -- Spotlight {""Mike Rezendes""}"
Winner,"Mark Rylance -- Bridge of Spies {""Rudolf Abel""}"
Nominee,"Sylvester Stallone -- Creed {""Rocky Balboa""}"
NA,ACTRESS IN A LEADING ROLE
Nominee,"Cate Blanchett -- Carol {""Carol Aird""}"
Winner,"Brie Larson -- Room {""Ma""}"
Nominee,"Jennifer Lawrence -- Joy {""Joy""}"
Nominee,"Charlotte Rampling -- 45 Years {""Kate Mercer""}"
Nominee,"Saoirse Ronan -- Brooklyn {""Eilis""}"
NA,ACTRESS IN A SUPPORTING ROLE
Nominee,"Jennifer Jason Leigh -- The Hateful Eight {""Daisy Domergue""}"
Nominee,"Rooney Mara -- Carol {""Therese Belivet""}"
Nominee,"Rachel McAdams -- Spotlight {""Sacha Pfeiffer""}"
Winner,"Alicia Vikander -- The Danish Girl {""Gerda""}"
Nominee,"Kate Winslet -- Steve Jobs {""Joanna Hoffman""}"
NA,DIRECTING
Nominee,The Big Short -- Adam McKay
Nominee,Mad Max: Fury Road -- George Miller
Winner,The Revenant -- Alejandro G. Iñárritu
Nominee,Room -- Lenny Abrahamson
Nominee,Spotlight -- Tom McCarthy
NA,BEST PICTURE
Nominee,"The Big Short -- Brad Pitt, Dede Gardner and Jeremy Kleiner, Producers"
Nominee,"Bridge of Spies -- Steven Spielberg, Marc Platt and Kristie Macosko Krieger, Producers"
Nominee,"Brooklyn -- Finola Dwyer and Amanda Posey, Producers"
Nominee,"Mad Max: Fury Road -- Doug Mitchell and George Miller, Producers"
Nominee,"The Martian -- Simon Kinberg, Ridley Scott, Michael Schaefer and Mark Huffam, Producers"
Nominee,"The Revenant -- Arnon Milchan, Steve Golin, Alejandro G. Iñárritu, Mary Parent and Keith Redmon, Producers"
Nominee,"Room -- Ed Guiney, Producer"
Winner,"Spotlight -- Michael Sugar, Steve Golin, Nicole Rocklin and Blye Pagon Faust, Producers"
NA,2016 (89th)
NA,ACTOR IN A LEADING ROLE
Winner,"Casey Affleck -- Manchester by the Sea {""Lee Chandler""}"
Nominee,"Andrew Garfield -- Hacksaw Ridge {""Desmond Doss""}"
Nominee,"Ryan Gosling -- La La Land {""Sebastian""}"
Nominee,"Viggo Mortensen -- Captain Fantastic {""Ben""}"
Nominee,"Denzel Washington -- Fences {""Troy Maxson""}"
NA,ACTOR IN A SUPPORTING ROLE
Winner,"Mahershala Ali -- Moonlight {""Juan""}"
Nominee,"Jeff Bridges -- Hell or High Water {""Marcus Hamilton""}"
Nominee,"Lucas Hedges -- Manchester by the Sea {""Patrick Chandler""}"
Nominee,"Dev Patel -- Lion {""Saroo Brierley""}"
Nominee,"Michael Shannon -- Nocturnal Animals {""Bobby Andes""}"
NA,ACTRESS IN A LEADING ROLE
Nominee,"Isabelle Huppert -- Elle {""Michèle""}"
Nominee,"Ruth Negga -- Loving {""Mildred""}"
Nominee,"Natalie Portman -- Jackie {""Jackie Kennedy""}"
Winner,"Emma Stone -- La La Land {""Mia""}"
Nominee,"Meryl Streep -- Florence Foster Jenkins {""Florence Foster Jenkins""}"
NA,ACTRESS IN A SUPPORTING ROLE
Winner,"Viola Davis -- Fences {""Rose Maxson""}"
Nominee,"Naomie Harris -- Moonlight {""Paula""}"
Nominee,"Nicole Kidman -- Lion {""Sue Brierley""}"
Nominee,"Octavia Spencer -- Hidden Figures {""Dorothy Vaughan""}"
Nominee,"Michelle Williams -- Manchester by the Sea {""Randi Chandler""}"
NA,DIRECTING
Nominee,Arrival -- Denis Villeneuve
Nominee,Hacksaw Ridge -- Mel Gibson
Winner,La La Land -- Damien Chazelle
Nominee,Manchester by the Sea -- Kenneth Lonergan
Nominee,Moonlight -- Barry Jenkins
NA,BEST PICTURE
Nominee,"Arrival -- Shawn Levy, Dan Levine, Aaron Ryder and David Linde, Producers"
Nominee,"Fences -- Scott Rudin, Denzel Washington and Todd Black, Producers"
Nominee,"Hacksaw Ridge -- Bill Mechanic and David Permut, Producers"
Nominee,"Hell or High Water -- Carla Hacken and Julie Yorn, Producers"
Nominee,"Hidden Figures -- Donna Gigliotti, Peter Chernin, Jenno Topping, Pharrell Williams and Theodore Melfi, Producers"
Nominee,"La La Land -- Fred Berger, Jordan Horowitz and Marc Platt, Producers"
Nominee,"Lion -- Emile Sherman, Iain Canning and Angie Fielder, Producers"
Nominee,"Manchester by the Sea -- Matt Damon, Kimberly Steward, Chris Moore, Lauren Beck and Kevin J. Walsh, Producers"
Winner,"Moonlight -- Adele Romanski, Dede Gardner and Jeremy Kleiner, Producers"
NA,2017 (90th)
NA,ACTOR IN A LEADING ROLE
Nominee,"Timothée Chalamet -- Call Me by Your Name {""Elio""}"
Nominee,"Daniel Day-Lewis -- Phantom Thread {""Reynolds Woodcock""}"
Nominee,"Daniel Kaluuya -- Get Out {""Chris Washington""}"
Winner,"Gary Oldman -- Darkest Hour {""Winston Churchill""}"
Nominee,"Denzel Washington -- Roman J. Israel, Esq. {""Roman J. Israel, Esq.""}"
NA,ACTOR IN A SUPPORTING ROLE
Nominee,"Willem Dafoe -- The Florida Project {""Bobby""}"
Nominee,"Woody Harrelson -- Three Billboards outside Ebbing, Missouri {""Willoughby""}"
Nominee,"Richard Jenkins -- The Shape of Water {""Giles""}"
Nominee,"Christopher Plummer -- All the Money in the World {""J. Paul Getty""}"
Winner,"Sam Rockwell -- Three Billboards outside Ebbing, Missouri {""Dixon""}"
NA,ACTRESS IN A LEADING ROLE
Nominee,"Sally Hawkins -- The Shape of Water {""Elisa Esposito""}"
Winner,"Frances McDormand -- Three Billboards outside Ebbing, Missouri {""Mildred""}"
Nominee,"Margot Robbie -- I, Tonya {""Tonya Harding""}"
Nominee,"Saoirse Ronan -- Lady Bird {""Lady Bird McPherson""}"
Nominee,"Meryl Streep -- The Post {""Kay Graham""}"
NA,ACTRESS IN A SUPPORTING ROLE
Nominee,"Mary J. Blige -- Mudbound {""Florence Jackson""}"
Winner,"Allison Janney -- I, Tonya {""LaVona""}"
Nominee,"Lesley Manville -- Phantom Thread {""Cyril""}"
Nominee,"Laurie Metcalf -- Lady Bird {""Marion McPherson""}"
Nominee,"Octavia Spencer -- The Shape of Water {""Zelda Fuller""}"
NA,DIRECTING
Nominee,Dunkirk -- Christopher Nolan
Nominee,Get Out -- Jordan Peele
Nominee,Lady Bird -- Greta Gerwig
Nominee,Phantom Thread -- Paul Thomas Anderson
Winner,The Shape of Water -- Guillermo del Toro
NA,BEST PICTURE
Nominee,"Call Me by Your Name -- Peter Spears, Luca Guadagnino, Emilie Georges and Marco Morabito, Producers"
Nominee,"Darkest Hour -- Tim Bevan, Eric Fellner, Lisa Bruce, Anthony McCarten and Douglas Urbanski, Producers"
Nominee,"Dunkirk -- Emma Thomas and Christopher Nolan, Producers"
Nominee,"Get Out -- Sean McKittrick, Jason Blum, Edward H. Hamm Jr. and Jordan Peele, Producers"
Nominee,"Lady Bird -- Scott Rudin, Eli Bush and Evelyn O'Neill, Producers"
Nominee,"Phantom Thread -- JoAnne Sellar, Paul Thomas Anderson, Megan Ellison and Daniel Lupi, Producers"
Nominee,"The Post -- Amy Pascal, Steven Spielberg and Kristie Macosko Krieger, Producers"
Winner,"The Shape of Water -- Guillermo del Toro and J. Miles Dale, Producers"
Nominee,"Three Billboards outside Ebbing, Missouri -- Graham Broadbent, Pete Czernin and Martin McDonagh, Producers"
NA,2018 (91st)
NA,ACTOR IN A LEADING ROLE
Nominee,"Christian Bale -- Vice {""Dick Cheney""}"
Nominee,"Bradley Cooper -- A Star Is Born {""Jack""}"
Nominee,"Willem Dafoe -- At Eternity's Gate {""Vincent Van Gogh""}"
Winner,"Rami Malek -- Bohemian Rhapsody {""Freddie Mercury""}"
Nominee,"Viggo Mortensen -- Green Book {""Tony Lip""}"
NA,ACTOR IN A SUPPORTING ROLE
Winner,"Mahershala Ali -- Green Book {""Dr. Donald Shirley""}"
Nominee,"Adam Driver -- BlacKkKlansman {""Flip Zimmerman""}"
Nominee,"Sam Elliott -- A Star Is Born {""Bobby""}"
Nominee,"Richard E. Grant -- Can You Ever Forgive Me? {""Jack Hock""}"
Nominee,"Sam Rockwell -- Vice {""George W. Bush""}"
NA,ACTRESS IN A LEADING ROLE
Nominee,"Yalitza Aparicio -- Roma {""Cleo""}"
Nominee,"Glenn Close -- The Wife {""Joan Castleman""}"
Winner,"Olivia Colman -- The Favourite {""Queen Anne""}"
Nominee,"Lady Gaga -- A Star Is Born {""Ally""}"
Nominee,"Melissa McCarthy -- Can You Ever Forgive Me? {""Lee Israel""}"
NA,ACTRESS IN A SUPPORTING ROLE
Nominee,"Amy Adams -- Vice {""Lynne Cheney""}"
Nominee,"Marina de Tavira -- Roma {""Sra. Sofia""}"
Winner,"Regina King -- If Beale Street Could Talk {""Sharon Rivers""}"
Nominee,"Emma Stone -- The Favourite {""Abigail""}"
Nominee,"Rachel Weisz -- The Favourite {""Lady Sarah""}"
NA,DIRECTING
Nominee,BlacKkKlansman -- Spike Lee
Nominee,Cold War -- Pawel Pawlikowski
Nominee,The Favourite -- Yorgos Lanthimos
Winner,Roma -- Alfonso Cuarón
Nominee,Vice -- Adam McKay
NA,BEST PICTURE
Nominee,"Black Panther -- Kevin Feige, Producer"
Nominee,"BlacKkKlansman -- Sean McKittrick, Jason Blum, Raymond Mansfield, Jordan Peele and Spike Lee, Producers"
Nominee,"Bohemian Rhapsody -- Graham King, Producer"
Nominee,"The Favourite -- Ceci Dempsey, Ed Guiney, Lee Magiday and Yorgos Lanthimos, Producers"
Winner,"Green Book -- Jim Burke, Charles B. Wessler, Brian Currie, Peter Farrelly and Nick Vallelonga, Producers"
Nominee,"Roma -- Gabriela Rodríguez and Alfonso Cuarón, Producers"
Nominee,"A Star Is Born -- Bill Gerber, Bradley Cooper and Lynette Howell Taylor, Producers"
Nominee,"Vice -- Dede Gardner, Jeremy Kleiner, Adam McKay and Kevin Messick, Producers"
NA,2019 (92nd)
NA,ACTOR IN A LEADING ROLE
Nominee,"Antonio Banderas -- Pain and Glory {""Salvador""}"
Nominee,"Leonardo DiCaprio -- Once upon a Time...in Hollywood {""Rick Dalton""}"
Nominee,"Adam Driver -- Marriage Story {""Charlie Barber""}"
Winner,"Joaquin Phoenix -- Joker {""Arthur Fleck""}"
Nominee,"Jonathan Pryce -- The Two Popes {""Cardinal Jorge Bergoglio/Pope Francis""}"
NA,ACTOR IN A SUPPORTING ROLE
Nominee,"Tom Hanks -- A Beautiful Day in the Neighborhood {""Fred Rogers""}"
Nominee,"Anthony Hopkins -- The Two Popes {""Cardinal Ratzinger/Pope Benedict""}"
Nominee,"Al Pacino -- The Irishman {""Jimmy Hoffa""}"
Nominee,"Joe Pesci -- The Irishman {""Russell Bufalino""}"
Winner,"Brad Pitt -- Once upon a Time...in Hollywood {""Cliff Booth""}"
NA,ACTRESS IN A LEADING ROLE
Nominee,"Cynthia Erivo -- Harriet {""Harriet/Minty""}"
Nominee,"Scarlett Johansson -- Marriage Story {""Nicole Barber""}"
Nominee,"Saoirse Ronan -- Little Women {""Jo March""}"
Nominee,"Charlize Theron -- Bombshell {""Megyn Kelly""}"
Winner,"Renée Zellweger -- Judy {""Judy Garland""}"
NA,ACTRESS IN A SUPPORTING ROLE
Nominee,"Kathy Bates -- Richard Jewell {""Bobi Jewell""}"
Winner,"Laura Dern -- Marriage Story {""Nora Fanshaw""}"
Nominee,"Scarlett Johansson -- Jojo Rabbit {""Rosie""}"
Nominee,"Florence Pugh -- Little Women {""Amy March""}"
Nominee,"Margot Robbie -- Bombshell {""Kayla Pospisil""}"
NA,DIRECTING
Nominee,The Irishman -- Martin Scorsese
Nominee,Joker -- Todd Phillips
Nominee,1917 -- Sam Mendes
Nominee,Once upon a Time...in Hollywood -- Quentin Tarantino
Winner,Parasite -- Bong Joon Ho
NA,BEST PICTURE
Nominee,"Ford v Ferrari -- Peter Chernin, Jenno Topping and James Mangold, Producers"
Nominee,"The Irishman -- Martin Scorsese, Robert De Niro, Jane Rosenthal and Emma Tillinger Koskoff, Producers"
Nominee,"Jojo Rabbit -- Carthew Neal, Taika Waititi and Chelsea Winstanley, Producers"
Nominee,"Joker -- Todd Phillips, Bradley Cooper and Emma Tillinger Koskoff, Producers"
Nominee,"Little Women -- Amy Pascal, Producer"
Nominee,"Marriage Story -- Noah Baumbach and David Heyman, Producers"
Nominee,"1917 -- Sam Mendes, Pippa Harris, Jayne-Ann Tenggren and Callum McDougall, Producers"
Nominee,"Once upon a Time...in Hollywood -- David Heyman, Shannon McIntosh and Quentin Tarantino, Producers"
Winner,"Parasite -- Kwak Sin Ae and Bong Joon Ho, Producers"
NA,2020 (93rd)
NA,ACTOR IN A LEADING ROLE
Nominee,"Riz Ahmed -- Sound of Metal {""Ruben""}"
Nominee,"Chadwick Boseman -- Ma Rainey's Black Bottom {""Levee""}"
Winner,"Anthony Hopkins -- The Father {""Anthony""}"
Nominee,"Gary Oldman -- Mank {""Herman Mankiewicz""}"
Nominee,"Steven Yeun -- Minari {""Jacob""}"
NA,ACTOR IN A SUPPORTING ROLE
Nominee,"Sacha Baron Cohen -- The Trial of the Chicago 7 {""Abbie Hoffman""}"
Winner,"Daniel Kaluuya -- Judas and the Black Messiah {""Fred Hampton""}"
Nominee,"Leslie Odom, Jr. -- One Night in Miami... {""Sam Cooke""}"
Nominee,"Paul Raci -- Sound of Metal {""Joe""}"
Nominee,"Lakeith Stanfield -- Judas and the Black Messiah {""Bill O’Neal""}"
NA,ACTRESS IN A LEADING ROLE
Nominee,"Viola Davis -- Ma Rainey's Black Bottom {""Ma Rainey""}"
Nominee,"Andra Day -- The United States vs. Billie Holiday {""Billie Holiday""}"
Nominee,"Vanessa Kirby -- Pieces of a Woman {""Martha""}"
Winner,"Frances McDormand -- Nomadland {""Fern""}"
Nominee,"Carey Mulligan -- Promising Young Woman {""Cassandra""}"
NA,ACTRESS IN A SUPPORTING ROLE
Nominee,"Maria Bakalova -- Borat Subsequent Moviefilm: Delivery of Prodigious Bribe to American Regime for Make Benefit Once Glorious Nation of Kazakhstan {""Tutar Sagdiyev""}"
Nominee,"Glenn Close -- Hillbilly Elegy {""Mamaw""}"
Nominee,"Olivia Colman -- The Father {""Anne""}"
Nominee,"Amanda Seyfried -- Mank {""Marion Davies""}"
Winner,"Yuh-Jung Youn -- Minari {""Soonja""}"
NA,DIRECTING
Nominee,Another Round -- Thomas Vinterberg
Nominee,Mank -- David Fincher
Nominee,Minari -- Lee Isaac Chung
Winner,Nomadland -- Chloé Zhao
Nominee,Promising Young Woman -- Emerald Fennell
NA,BEST PICTURE
Nominee,"The Father -- David Parfitt, Jean-Louis Livi and Philippe Carcassonne, Producers"
Nominee,"Judas and the Black Messiah -- Shaka King, Charles D. King and Ryan Coogler, Producers"
Nominee,"Mank -- Ceán Chaffin, Eric Roth and Douglas Urbanski, Producers"
Nominee,"Minari -- Christina Oh, Producer"
Winner,"Nomadland -- Frances McDormand, Peter Spears, Mollye Asher, Dan Janvey and Chloé Zhao, Producers"
Nominee,"Promising Young Woman -- Ben Browning, Ashley Fox, Emerald Fennell and Josey McNamara, Producers"
Nominee,"Sound of Metal -- Bert Hamelinck and Sacha Ben Harroche, Producers"
Nominee,"The Trial of the Chicago 7 -- Marc Platt and Stuart Besser, Producers"
NA,2021 (94th)
NA,ACTOR IN A LEADING ROLE
Nominee,"Javier Bardem -- Being the Ricardos {""Desi Arnaz""}"
Nominee,"Benedict Cumberbatch -- The Power of the Dog {""Phil Burbank""}"
Nominee,"Andrew Garfield -- tick, tick...BOOM! {""Jon""}"
Winner,"Will Smith -- King Richard {""Richard Williams""}"
Nominee,"Denzel Washington -- The Tragedy of Macbeth {""Macbeth""}"
NA,ACTOR IN A SUPPORTING ROLE
Nominee,"Ciarán Hinds -- Belfast {""Pop""}"
Winner,"Troy Kotsur -- CODA {""Frank Rossi""}"
Nominee,"Jesse Plemons -- The Power of the Dog {""George Burbank""}"
Nominee,"J.K. Simmons -- Being the Ricardos {""William Frawley""}"
Nominee,"Kodi Smit-McPhee -- The Power of the Dog {""Peter Gordon""}"
NA,ACTRESS IN A LEADING ROLE
Winner,"Jessica Chastain -- The Eyes of Tammy Faye {""Tammy Faye Bakker""}"
Nominee,"Olivia Colman -- The Lost Daughter {""Leda""}"
Nominee,"Penélope Cruz -- Parallel Mothers {""Janis""}"
Nominee,"Nicole Kidman -- Being the Ricardos {""Lucille Ball""}"
Nominee,"Kristen Stewart -- Spencer {""Diana""}"
NA,ACTRESS IN A SUPPORTING ROLE
Nominee,"Jessie Buckley -- The Lost Daughter {""Young Leda""}"
Winner,"Ariana DeBose -- West Side Story {""Anita""}"
Nominee,"Judi Dench -- Belfast {""Granny""}"
Nominee,"Kirsten Dunst -- The Power of the Dog {""Rose Gordon""}"
Nominee,"Aunjanue Ellis -- King Richard {""Oracene 'Brandy' Williams""}"
NA,DIRECTING
Nominee,Belfast -- Kenneth Branagh
Nominee,Drive My Car -- Ryusuke Hamaguchi
Nominee,Licorice Pizza -- Paul Thomas Anderson
Winner,The Power of the Dog -- Jane Campion
Nominee,West Side Story -- Steven Spielberg
NA,BEST PICTURE
Nominee,"Belfast -- Laura Berwick, Kenneth Branagh, Becca Kovacik and Tamar Thomas, Producers"
Winner,"CODA -- Philippe Rousselet, Fabrice Gianfermi and Patrick Wachsberger, Producers"
Nominee,"Don't Look Up -- Adam McKay and Kevin Messick, Producers"
Nominee,"Drive My Car -- Teruhisa Yamamoto, Producer"
Nominee,"Dune -- Mary Parent, Denis Villeneuve and Cale Boyter, Producers"
Nominee,"King Richard -- Tim White, Trevor White and Will Smith, Producers"
Nominee,"Licorice Pizza -- Sara Murphy, Adam Somner and Paul Thomas Anderson, Producers"
Nominee,"Nightmare Alley -- Guillermo del Toro, J. Miles Dale and Bradley Cooper, Producers"
Nominee,"The Power of the Dog -- Jane Campion, Tanya Seghatchian, Emile Sherman, Iain Canning and Roger Frappier, Producers"
Nominee,"West Side Story -- Steven Spielberg and Kristie Macosko Krieger, Producers"
NA,2022 (95th)
NA,ACTOR IN A LEADING ROLE
Nominee,"Austin Butler -- Elvis {""Elvis""}"
Nominee,"Colin Farrell -- The Banshees of Inisherin {""Pádraic Súilleabháin""}"
Winner,"Brendan Fraser -- The Whale {""Charlie""}"
Nominee,"Paul Mescal -- Aftersun {""Calum""}"
Nominee,"Bill Nighy -- Living {""Williams""}"
NA,ACTOR IN A SUPPORTING ROLE
Nominee,"Brendan Gleeson -- The Banshees of Inisherin {""Colm Doherty""}"
Nominee,"Brian Tyree Henry -- Causeway {""James""}"
Nominee,"Judd Hirsch -- The Fabelmans {""Uncle Boris""}"
Nominee,"Barry Keoghan -- The Banshees of Inisherin {""Dominic Kearney""}"
Winner,"Ke Huy Quan -- Everything Everywhere All at Once {""Waymond Wang""}"
NA,ACTRESS IN A LEADING ROLE
Nominee,"Cate Blanchett -- Tár {""Lydia Tár""}"
Nominee,"Ana de Armas -- Blonde {""Norma Jeane""}"
Nominee,"Andrea Riseborough -- To Leslie {""Leslie""}"
Nominee,"Michelle Williams -- The Fabelmans {""Mitzi Fabelman""}"
Winner,"Michelle Yeoh -- Everything Everywhere All at Once {""Evelyn Wang""}"
NA,ACTRESS IN A SUPPORTING ROLE
Nominee,"Angela Bassett -- Black Panther: Wakanda Forever {""Ramonda""}"
Nominee,"Hong Chau -- The Whale {""Liz""}"
Nominee,"Kerry Condon -- The Banshees of Inisherin {""Siobhán Súilleabháin""}"
Winner,"Jamie Lee Curtis -- Everything Everywhere All at Once {""Deirdre Beaubeirdra""}"
Nominee,"Stephanie Hsu -- Everything Everywhere All at Once {""Joy Wang/Jobu Tupaki""}"
NA,DIRECTING
Nominee,The Banshees of Inisherin -- Martin McDonagh
Winner,Everything Everywhere All at Once -- Daniel Kwan and Daniel Scheinert
Nominee,The Fabelmans -- Steven Spielberg
Nominee,Tár -- Todd Field
Nominee,Triangle of Sadness -- Ruben Östlund
NA,BEST PICTURE
Nominee,"All Quiet on the Western Front -- Malte Grunert, Producer"
Nominee,"Avatar: The Way of Water -- James Cameron and Jon Landau, Producers"
Nominee,"The Banshees of Inisherin -- Graham Broadbent, Pete Czernin and Martin McDonagh, Producers"
Nominee,"Elvis -- Baz Luhrmann, Catherine Martin, Gail Berman, Patrick McCormick and Schuyler Weiss, Producers"
Winner,"Everything Everywhere All at Once -- Daniel Kwan, Daniel Scheinert and Jonathan Wang, Producers"
Nominee,"The Fabelmans -- Kristie Macosko Krieger, Steven Spielberg and Tony Kushner, Producers"
Nominee,"Tár -- Todd Field, Alexandra Milchan and Scott Lambert, Producers"
Nominee,"Top Gun: Maverick -- Tom Cruise, Christopher McQuarrie, David Ellison and Jerry Bruckheimer, Producers"
Nominee,"Triangle of Sadness -- Erik Hemmendorff and Philippe Bober, Producers"
Nominee,"Women Talking -- Dede Gardner, Jeremy Kleiner and Frances McDormand, Producers"
NA,2023 (96th)
NA,ACTOR IN A LEADING ROLE
Nominee,"Bradley Cooper -- Maestro {""Leonard Bernstein""}"
Nominee,"Colman Domingo -- Rustin {""Bayard Rustin""}"
Nominee,"Paul Giamatti -- The Holdovers {""Paul Hunham""}"
Winner,"Cillian Murphy -- Oppenheimer {""J. Robert Oppenheimer""}"
Nominee,"Jeffrey Wright -- American Fiction {""Thelonious ‘Monk’ Ellison""}"
NA,ACTOR IN A SUPPORTING ROLE
Nominee,"Sterling K. Brown -- American Fiction {""Clifford Ellison""}"
Nominee,"Robert De Niro -- Killers of the Flower Moon {""William Hale""}"
Winner,"Robert Downey Jr. -- Oppenheimer {""Lewis Strauss""}"
Nominee,"Ryan Gosling -- Barbie {""Ken""}"
Nominee,"Mark Ruffalo -- Poor Things {""Duncan Wedderburn""}"
NA,ACTRESS IN A LEADING ROLE
Nominee,"Annette Bening -- Nyad {""Diana Nyad""}"
Nominee,"Lily Gladstone -- Killers of the Flower Moon {""Mollie Burkhart""}"
Nominee,"Sandra Hüller -- Anatomy of a Fall {""Sandra""}"
Nominee,"Carey Mulligan -- Maestro {""Felicia Montealegre""}"
Winner,"Emma Stone -- Poor Things {""Bella Baxter""}"
NA,ACTRESS IN A SUPPORTING ROLE
Nominee,"Emily Blunt -- Oppenheimer {""Kitty Oppenheimer""}"
Nominee,"Danielle Brooks -- The Color Purple {""Sofia""}"
Nominee,"America Ferrera -- Barbie {""Gloria""}"
Nominee,"Jodie Foster -- Nyad {""Bonnie Stoll""}"
Winner,"Da'Vine Joy Randolph -- The Holdovers {""Mary Lamb""}"
NA,DIRECTING
Nominee,Anatomy of a Fall -- Justine Triet
Nominee,Killers of the Flower Moon -- Martin Scorsese
Winner,Oppenheimer -- Christopher Nolan
Nominee,Poor Things -- Yorgos Lanthimos
Nominee,The Zone of Interest -- Jonathan Glazer
NA,BEST PICTURE
Nominee,"American Fiction -- Ben LeClair, Nikos Karamigios, Cord Jefferson and Jermaine Johnson, Producers"
Nominee,"Anatomy of a Fall -- Marie-Ange Luciani and David Thion, Producers"
Nominee,"Barbie -- David Heyman, Margot Robbie, Tom Ackerley and Robbie Brenner, Producers"
Nominee,"The Holdovers -- Mark Johnson, Producer"
Nominee,"Killers of the Flower Moon -- Dan Friedkin, Bradley Thomas, Martin Scorsese and Daniel Lupi, Producers"
Nominee,"Maestro -- Bradley Cooper, Steven Spielberg, Fred Berner, Amy Durning and Kristie Macosko Krieger, Producers"
Winner,"Oppenheimer -- Emma Thomas, Charles Roven and Christopher Nolan, Producers"
Nominee,"Past Lives -- David Hinojosa, Christine Vachon and Pamela Koffler, Producers"
Nominee,"Poor Things -- Ed Guiney, Andrew Lowe, Yorgos Lanthimos and Emma Stone, Producers"
Nominee,"The Zone of Interest -- James Wilson, Producer"
NA,2024 (97th)
NA,ACTOR IN A LEADING ROLE
Winner,"Adrien Brody -- The Brutalist {""László Tóth""}"
Nominee,"Timothée Chalamet -- A Complete Unknown {""Bob Dylan""}"
Nominee,"Colman Domingo -- Sing Sing {""Divine G""}"
Nominee,"Ralph Fiennes -- Conclave {""Lawrence""}"
Nominee,"Sebastian Stan -- The Apprentice {""Donald Trump""}"
NA,ACTOR IN A SUPPORTING ROLE
Nominee,"Yura Borisov -- Anora {""Igor""}"
Winner,"Kieran Culkin -- A Real Pain {""Benji Kaplan""}"
Nominee,"Edward Norton -- A Complete Unknown {""Pete Seeger""}"
Nominee,"Guy Pearce -- The Brutalist {""Harrison Leo Van Buren Sr.""}"
Nominee,"Jeremy Strong -- The Apprentice {""Roy Cohn""}"
NA,ACTRESS IN A LEADING ROLE
Nominee,"Cynthia Erivo -- Wicked {""Elphaba""}"
Nominee,"Karla Sofía Gascón -- Emilia Pérez {""Emilia/Manitas""}"
Winner,"Mikey Madison -- Anora {""Ani""}"
Nominee,"Demi Moore -- The Substance {""Elisabeth Sparkle""}"
Nominee,"Fernanda Torres -- I'm Still Here {""Eunice Paiva""}"
NA,ACTRESS IN A SUPPORTING ROLE
Nominee,"Monica Barbaro -- A Complete Unknown {""Joan Baez""}"
Nominee,"Ariana Grande -- Wicked {""Galinda/Glinda""}"
Nominee,"Felicity Jones -- The Brutalist {""Erzébet Tóth""}"
Nominee,"Isabella Rossellini -- Conclave {""Sister Agnes""}"
Winner,"Zoe Saldaña -- Emilia Pérez {""Rita""}"
NA,DIRECTING
Winner,Anora -- Sean Baker
Nominee,The Brutalist -- Brady Corbet
Nominee,A Complete Unknown -- James Mangold
Nominee,Emilia Pérez -- Jacques Audiard
Nominee,The Substance -- Coralie Fargeat
NA,BEST PICTURE
Winner,"Anora -- Alex Coco, Samantha Quan and Sean Baker, Producers"
Nominee,"The Brutalist -- Nick Gordon, Brian Young, Andrew Morrison, D.J. Gugenheim and Brady Corbet, Producers"
Nominee,"A Complete Unknown -- Fred Berger, James Mangold and Alex Heineman, Producers"
Nominee,"Conclave -- Tessa Ross, Juliette Howell and Michael A. Jackman, Producers"
Nominee,"Dune: Part Two -- Mary Parent, Cale Boyter, Tanya Lapointe and Denis Villeneuve, Producers"
Nominee,"Emilia Pérez -- Pascal Caucheteux and Jacques Audiard, Producers"
Nominee,"I'm Still Here -- Maria Carlota Bruno and Rodrigo Teixeira, Producers"
Nominee,"Nickel Boys -- Dede Gardner, Jeremy Kleiner and Joslyn Barnes, Producers"
Nominee,"The Substance -- Coralie Fargeat and Tim Bevan & Eric Fellner, Producers"
Nominee,"Wicked -- Marc Platt, Producer"
NA,
NA,1996 (69th)
NA,ACTOR IN A LEADING ROLE
Nominee,"Tom Cruise -- Jerry Maguire {""Jerry Maguire""}"
Nominee,"Ralph Fiennes -- The English Patient {""Almasy""}"
Nominee,"Woody Harrelson -- The People vs. Larry Flynt {""Larry Flynt""}"
Winner,"Geoffrey Rush -- Shine {""David Helfgott""}"
Nominee,"Billy Bob Thornton -- Sling Blade {""Karl Childers""}"
NA,ACTOR IN A SUPPORTING ROLE
Winner,"Cuba Gooding, Jr. -- Jerry Maguire {""Rod Tidwell""}"
Nominee,"William H. Macy -- Fargo {""Jerry Lundegaard""}"
Nominee,"Armin Mueller-Stahl -- Shine {""Peter Helfgott""}"
Nominee,"Edward Norton -- Primal Fear {""Aaron Stampler""}"
Nominee,"James Woods -- Ghosts of Mississippi {""Byron De La Beckwith""}"
NA,ACTRESS IN A LEADING ROLE
Nominee,"Brenda Blethyn -- Secrets & Lies {""Cynthia""}"
Nominee,"Diane Keaton -- Marvin's Room {""Bessie""}"
Winner,"Frances McDormand -- Fargo {""Marge Gunderson""}"
Nominee,"Kristin Scott Thomas -- The English Patient {""Katharine Clifton""}"
Nominee,"Emily Watson -- Breaking the Waves {""Bess""}"
NA,ACTRESS IN A SUPPORTING ROLE
Nominee,"Joan Allen -- The Crucible {""Elizabeth Proctor""}"
Nominee,"Lauren Bacall -- The Mirror Has Two Faces {""Hannah Morgan""}"
Winner,"Juliette Binoche -- The English Patient {""Hana""}"
Nominee,"Barbara Hershey -- The Portrait of a Lady {""Madame Serena Merle""}"
Nominee,"Marianne Jean-Baptiste -- Secrets & Lies {""Hortense""}"
NA,DIRECTING
Winner,The English Patient -- Anthony Minghella
Nominee,Fargo -- Joel Coen
Nominee,The People vs. Larry Flynt -- Milos Forman
Nominee,Secrets & Lies -- Mike Leigh
Nominee,Shine -- Scott Hicks
NA,BEST PICTURE
Winner,"The English Patient -- Saul Zaentz, Producer"
Nominee,"Fargo -- Ethan Coen, Producer"
Nominee,"Jerry Maguire -- James L. Brooks, Laurence Mark, Richard Sakai and Cameron Crowe, Producers"
Nominee,"Secrets & Lies -- Simon Channing-Williams, Producer"
Nominee,"Shine -- Jane Scott, Producer"
NA,1997 (70th)
NA,ACTOR IN A LEADING ROLE
Nominee,"Matt Damon -- Good Will Hunting {""Will Hunting""}"
Nominee,"Robert Duvall -- The Apostle {""The Apostle E.F.""}"
Nominee,"Peter Fonda -- Ulee's Gold {""Ulee Jackson""}"
Nominee,"Dustin Hoffman -- Wag the Dog {""Stanley Motss""}"
Winner,"Jack Nicholson -- As Good as It Gets {""Melvin Udall""}"
NA,ACTOR IN A SUPPORTING ROLE
Nominee,"Robert Forster -- Jackie Brown {""Max Cherry""}"
Nominee,"Anthony Hopkins -- Amistad {""John Quincy Adams""}"
Nominee,"Greg Kinnear -- As Good as It Gets {""Simon Bishop""}"
Nominee,"Burt Reynolds -- Boogie Nights {""Jack Horner""}"
Winner,"Robin Williams -- Good Will Hunting {""Sean McGuire""}"
NA,ACTRESS IN A LEADING ROLE
Nominee,"Helena Bonham Carter -- The Wings of the Dove {""Kate Croy""}"
Nominee,"Julie Christie -- Afterglow {""Phyllis Mann""}"
Nominee,"Judi Dench -- Mrs. Brown {""Queen Victoria""}"
Winner,"Helen Hunt -- As Good as It Gets {""Carol Connelly""}"
Nominee,"Kate Winslet -- Titanic {""Rose DeWitt Bukater""}"
NA,ACTRESS IN A SUPPORTING ROLE
Winner,"Kim Basinger -- L.A. Confidential {""Lynn Bracken""}"
Nominee,"Joan Cusack -- In & Out {""Emily Montgomery""}"
Nominee,"Minnie Driver -- Good Will Hunting {""Skylar""}"
Nominee,"Julianne Moore -- Boogie Nights {""Amber Waves""}"
Nominee,"Gloria Stuart -- Titanic {""Old Rose""}"
NA,DIRECTING
Nominee,The Full Monty -- Peter Cattaneo
Nominee,Good Will Hunting -- Gus Van Sant
Nominee,L.A. Confidential -- Curtis Hanson
Nominee,The Sweet Hereafter -- Atom Egoyan
Winner,Titanic -- James Cameron
NA,BEST PICTURE
Nominee,"As Good as It Gets -- James L. Brooks, Bridget Johnson and Kristi Zea, Producers"
Nominee,"The Full Monty -- Uberto Pasolini, Producer"
Nominee,"Good Will Hunting -- Lawrence Bender, Producer"
Nominee,"L.A. Confidential -- Arnon Milchan, Curtis Hanson and Michael Nathanson, Producers"
Winner,"Titanic -- James Cameron and Jon Landau, Producers"
NA,1998 (71st)
NA,ACTOR IN A LEADING ROLE
Winner,"Roberto Benigni -- Life Is Beautiful {""Guido""}"
Nominee,"Tom Hanks -- Saving Private Ryan {""Captain Miller""}"
Nominee,"Ian McKellen -- Gods and Monsters {""James Whale""}"
Nominee,"Nick Nolte -- Affliction {""Wade Whitehouse""}"
Nominee,"Edward Norton -- American History X {""Derek""}"
NA,ACTOR IN A SUPPORTING ROLE
Winner,"James Coburn -- Affliction {""Glen Whitehouse""}"
Nominee,"Robert Duvall -- A Civil Action {""Jerome Facher""}"
Nominee,"Ed Harris -- The Truman Show {""Christof""}"
Nominee,"Geoffrey Rush -- Shakespeare in Love {""Philip Henslowe""}"
Nominee,"Billy Bob Thornton -- A Simple Plan {""Jacob""}"
NA,ACTRESS IN A LEADING ROLE
Nominee,"Cate Blanchett -- Elizabeth {""Queen Elizabeth I""}"
Nominee,"Fernanda Montenegro -- Central Station {""Dora""}"
Winner,"Gwyneth Paltrow -- Shakespeare in Love {""Viola De Lesseps""}"
Nominee,"Meryl Streep -- One True Thing {""Kate Gulden""}"
Nominee,"Emily Watson -- Hilary and Jackie {""Jacqueline du Pré""}"
NA,ACTRESS IN A SUPPORTING ROLE
Nominee,"Kathy Bates -- Primary Colors {""Libby""}"
Nominee,"Brenda Blethyn -- Little Voice {""Mari""}"
Winner,"Judi Dench -- Shakespeare in Love {""Queen Elizabeth I""}"
Nominee,"Rachel Griffiths -- Hilary and Jackie {""Hilary du Pré""}"
Nominee,"Lynn Redgrave -- Gods and Monsters {""Hanna""}"
NA,DIRECTING
Nominee,Life Is Beautiful -- Roberto Benigni
Winner,Saving Private Ryan -- Steven Spielberg
Nominee,Shakespeare in Love -- John Madden
Nominee,The Thin Red Line -- Terrence Malick
Nominee,The Truman Show -- Peter Weir
NA,BEST PICTURE
Nominee,"Elizabeth -- Alison Owen, Eric Fellner and Tim Bevan, Producers"
Nominee,"Life Is Beautiful -- Elda Ferri and Gianluigi Braschi, Producers"
Nominee,"Saving Private Ryan -- Steven Spielberg, Ian Bryce, Mark Gordon and Gary Levinsohn, Producers"
Winner,"Shakespeare in Love -- David Parfitt, Donna Gigliotti, Harvey Weinstein, Edward Zwick and Marc Norman, Producers"
Nominee,"The Thin Red Line -- Robert Michael Geisler, John Roberdeau and Grant Hill, Producers"
NA,1999 (72nd)
NA,ACTOR IN A LEADING ROLE
Nominee,"Russell Crowe -- The Insider {""Jeffrey Wigand""}"
Nominee,"Richard Farnsworth -- The Straight Story {""Alvin Straight""}"
Nominee,"Sean Penn -- Sweet and Lowdown {""Emmet Ray""}"
Winner,"Kevin Spacey -- American Beauty {""Lester Burnham""}"
Nominee,"Denzel Washington -- The Hurricane {""Rubin 'Hurricane' Carter""}"
NA,ACTOR IN A SUPPORTING ROLE
Winner,"Michael Caine -- The Cider House Rules {""Dr. Wilbur Larch""}"
Nominee,"Tom Cruise -- Magnolia {""Frank T.J. Mackey""}"
Nominee,"Michael Clarke Duncan -- The Green Mile {""John Coffey""}"
Nominee,"Jude Law -- The Talented Mr. Ripley {""Dickie Greenleaf""}"
Nominee,"Haley Joel Osment -- The Sixth Sense {""Cole Sear""}"
NA,ACTRESS IN A LEADING ROLE
Nominee,"Annette Bening -- American Beauty {""Carolyn Burnham""}"
Nominee,"Janet McTeer -- Tumbleweeds {""Mary Jo Walker""}"
Nominee,"Julianne Moore -- The End of the Affair {""Sarah Miles""}"
Nominee,"Meryl Streep -- Music of the Heart {""Roberta Guaspari""}"
Winner,"Hilary Swank -- Boys Don't Cry {""Brandon Teena/Teena Brandon""}"
NA,ACTRESS IN A SUPPORTING ROLE
Nominee,"Toni Collette -- The Sixth Sense {""Lynn Sear""}"
Winner,"Angelina Jolie -- Girl, Interrupted {""Lisa Rowe""}"
Nominee,"Catherine Keener -- Being John Malkovich {""Maxine""}"
Nominee,"Samantha Morton -- Sweet and Lowdown {""Hattie""}"
Nominee,"Chloë Sevigny -- Boys Don't Cry {""Lana Tisdel""}"
NA,DIRECTING
Winner,American Beauty -- Sam Mendes
Nominee,Being John Malkovich -- Spike Jonze
Nominee,The Cider House Rules -- Lasse Hallström
Nominee,The Insider -- Michael Mann
Nominee,The Sixth Sense -- M. Night Shyamalan
NA,BEST PICTURE
Winner,"American Beauty -- Bruce Cohen and Dan Jinks, Producers"
Nominee,"The Cider House Rules -- Richard N. Gladstein, Producer"
Nominee,"The Green Mile -- David Valdes and Frank Darabont, Producers"
Nominee,"The Insider -- Michael Mann and Pieter Jan Brugge, Producers"
Nominee,"The Sixth Sense -- Frank Marshall, Kathleen Kennedy and Barry Mendel, Producers"
NA,2000 (73rd)
NA,ACTOR IN A LEADING ROLE
Nominee,"Javier Bardem -- Before Night Falls {""Reinaldo Arenas""}"
Winner,"Russell Crowe -- Gladiator {""Maximus Decimus Meridius""}"
Nominee,"Tom Hanks -- Cast Away {""Chuck Noland""}"
Nominee,"Ed Harris -- Pollock {""Jackson Pollock""}"
Nominee,"Geoffrey Rush -- Quills {""The Marquis de Sade""}"
NA,ACTOR IN A SUPPORTING ROLE
Nominee,"Jeff Bridges -- The Contender {""President Jackson Evans""}"
Nominee,"Willem Dafoe -- Shadow of the Vampire {""Max Schreck""}"
Winner,"Benicio Del Toro -- Traffic {""Javier Rodriguez""}"
Nominee,"Albert Finney -- Erin Brockovich {""Ed Masry""}"
Nominee,"Joaquin Phoenix -- Gladiator {""Commodus""}"
Nominee,ACTRESS IN A LEADING ROLE
Nominee,"Joan Allen -- The Contender {""Laine Hanson""}"
Nominee,"Juliette Binoche -- Chocolat {""Vianne Rocher""}"
Nominee,"Ellen Burstyn -- Requiem for a Dream {""Sara Goldfarb""}"
Nominee,"Laura Linney -- You Can Count on Me {""Samantha 'Sammy' Prescott""}"
Winner,"Julia Roberts -- Erin Brockovich {""Erin Brockovich""}"
NA,ACTRESS IN A SUPPORTING ROLE
Nominee,"Judi Dench -- Chocolat {""Armande Voizin""}"
Winner,"Marcia Gay Harden -- Pollock {""Lee Krasner""}"
Nominee,"Kate Hudson -- Almost Famous {""Penny Lane""}"
Nominee,"Frances McDormand -- Almost Famous {""Elaine Miller""}"
Nominee,"Julie Walters -- Billy Elliot {""Mrs. Wilkinson""}"
NA,DIRECTING
Nominee,Billy Elliot -- Stephen Daldry
Nominee,"Crouching Tiger, Hidden Dragon -- Ang Lee"
Nominee,Erin Brockovich -- Steven Soderbergh
Nominee,Gladiator -- Ridley Scott
Winner,Traffic -- Steven Soderbergh
NA,BEST PICTURE
Nominee,"Chocolat -- David Brown, Kit Golden and Leslie Holleran, Producers"
Nominee,"Crouching Tiger, Hidden Dragon -- Bill Kong, Hsu Li Kong and Ang Lee, Producers"
Nominee,"Erin Brockovich -- Danny DeVito, Michael Shamberg and Stacey Sher, Producers"
Winner,"Gladiator -- Douglas Wick, David Franzoni and Branko Lustig, Producers"
Nominee,"Traffic -- Edward Zwick, Marshall Herskovitz and Laura Bickford, Producers"
NA,2001 (74th)
NA,ACTOR IN A LEADING ROLE
Nominee,"Russell Crowe -- A Beautiful Mind {""John Nash""}"
Nominee,"Sean Penn -- I Am Sam {""Sam Dawson""}"
Nominee,"Will Smith -- Ali {""Muhammad Ali""}"
Winner,"Denzel Washington -- Training Day {""Alonzo""}"
Nominee,"Tom Wilkinson -- In the Bedroom {""Matt Fowler""}"
NA,ACTOR IN A SUPPORTING ROLE
Winner,"Jim Broadbent -- Iris {""John Bayley""}"
Nominee,"Ethan Hawke -- Training Day {""Jake""}"
Nominee,"Ben Kingsley -- Sexy Beast {""Don Logan""}"
Nominee,"Ian McKellen -- The Lord of the Rings: The Fellowship of the Ring {""Gandalf""}"
Nominee,"Jon Voight -- Ali {""Howard Cosell""}"
NA,ACTRESS IN A LEADING ROLE
Winner,"Halle Berry -- Monster's Ball {""Leticia Musgrove""}"
Nominee,"Judi Dench -- Iris {""Iris Murdoch""}"
Nominee,"Nicole Kidman -- Moulin Rouge {""Satine""}"
Nominee,"Sissy Spacek -- In the Bedroom {""Ruth Fowler""}"
Nominee,"Renée Zellweger -- Bridget Jones's Diary {""Bridget Jones""}"
NA,ACTRESS IN A SUPPORTING ROLE
Winner,"Jennifer Connelly -- A Beautiful Mind {""Alicia Nash""}"
Nominee,"Helen Mirren -- Gosford Park {""Mrs. Wilson""}"
Nominee,"Maggie Smith -- Gosford Park {""Constance, Countess of Trentham""}"
Nominee,"Marisa Tomei -- In the Bedroom {""Natalie Strout""}"
Nominee,"Kate Winslet -- Iris {""Young Iris Murdoch""}"
NA,DIRECTING
Winner,A Beautiful Mind -- Ron Howard
Nominee,Black Hawk Down -- Ridley Scott
Nominee,Gosford Park -- Robert Altman
Nominee,The Lord of the Rings: The Fellowship of the Ring -- Peter Jackson
Nominee,Mulholland Drive -- David Lynch
NA,BEST PICTURE
Winner,"A Beautiful Mind -- Brian Grazer and Ron Howard, Producers"
Nominee,"Gosford Park -- Robert Altman, Bob Balaban and David Levy, Producers"
Nominee,"In the Bedroom -- Graham Leader, Ross Katz and Todd Field, Producers"
Nominee,"The Lord of the Rings: The Fellowship of the Ring -- Peter Jackson, Fran Walsh and Barrie M. Osborne, Producers"
Nominee,"Moulin Rouge -- Martin Brown, Baz Luhrmann and Fred Baron, Producers"
NA,2002 (75th)
NA,ACTOR IN A LEADING ROLE
Winner,"Adrien Brody -- The Pianist {""Wladyslaw Szpilman""}"
Nominee,"Nicolas Cage -- Adaptation {""Charlie Kaufman & Donald Kaufman""}"
Nominee,"Michael Caine -- The Quiet American {""Thomas Fowler""}"
Nominee,"Daniel Day-Lewis -- Gangs of New York {""Bill 'The Butcher' Cutting""}"
Nominee,"Jack Nicholson -- About Schmidt {""Warren Schmidt""}"
NA,ACTOR IN A SUPPORTING ROLE
Winner,"Chris Cooper -- Adaptation {""John Laroche""}"
Nominee,"Ed Harris -- The Hours {""Richard Brown""}"
Nominee,"Paul Newman -- Road to Perdition {""John Rooney""}"
Nominee,"John C. Reilly -- Chicago {""Amos Hart""}"
Nominee,"Christopher Walken -- Catch Me If You Can {""Frank Abagnale""}"
NA,ACTRESS IN A LEADING ROLE
Nominee,"Salma Hayek -- Frida {""Frida Kahlo""}"
Winner,"Nicole Kidman -- The Hours {""Virginia Woolf""}"
Nominee,"Diane Lane -- Unfaithful {""Connie Sumner""}"
Nominee,"Julianne Moore -- Far from Heaven {""Cathy Whitaker""}"
Nominee,"Renée Zellweger -- Chicago {""Roxie Hart""}"
NA,ACTRESS IN A SUPPORTING ROLE
Nominee,"Kathy Bates -- About Schmidt {""Roberta Hertzel""}"
Nominee,"Julianne Moore -- The Hours {""Laura Brown""}"
Nominee,"Queen Latifah -- Chicago {""Matron Mama Morton""}"
Nominee,"Meryl Streep -- Adaptation {""Susan Orlean""}"
Winner,"Catherine Zeta-Jones -- Chicago {""Velma Kelly""}"
NA,DIRECTING
Nominee,Chicago -- Rob Marshall
Nominee,Gangs of New York -- Martin Scorsese
Nominee,The Hours -- Stephen Daldry
Winner,The Pianist -- Roman Polanski
Nominee,Talk to Her -- Pedro Almodóvar
NA,BEST PICTURE
Winner,"Chicago -- Martin Richards, Producer"
Nominee,"Gangs of New York -- Alberto Grimaldi and Harvey Weinstein, Producers"
Nominee,"The Hours -- Scott Rudin and Robert Fox, Producers"
Nominee,"The Lord of the Rings: The Two Towers -- Barrie M. Osborne, Fran Walsh and Peter Jackson, Producers"
Nominee,"The Pianist -- Roman Polanski, Robert Benmussa and Alain Sarde, Producers"
NA,2003 (76th)
NA,ACTOR IN A LEADING ROLE
Nominee,"Johnny Depp -- Pirates of the Caribbean: The Curse of the Black Pearl {""Jack Sparrow""}"
Nominee,"Ben Kingsley -- House of Sand and Fog {""Behrani""}"
Nominee,"Jude Law -- Cold Mountain {""Inman""}"
Nominee,"Bill Murray -- Lost in Translation {""Bob Harris""}"
Winner,"Sean Penn -- Mystic River {""Jimmy Markum""}"
NA,ACTOR IN A SUPPORTING ROLE
Nominee,"Alec Baldwin -- The Cooler {""Shelly Kaplow""}"
Nominee,"Benicio Del Toro -- 21 Grams {""Jack Jordan""}"
Nominee,"Djimon Hounsou -- In America {""Mateo""}"
Winner,"Tim Robbins -- Mystic River {""Dave Boyle""}"
Nominee,"Ken Watanabe -- The Last Samurai {""Katsumoto""}"
NA,ACTRESS IN A LEADING ROLE
Nominee,"Keisha Castle-Hughes -- Whale Rider {""Paikea""}"
Nominee,"Diane Keaton -- Something's Gotta Give {""Erica Barry""}"
Nominee,"Samantha Morton -- In America {""Sarah""}"
Winner,"Charlize Theron -- Monster {""Aileen Wuornos""}"
Nominee,"Naomi Watts -- 21 Grams {""Cristina Peck""}"
NA,ACTRESS IN A SUPPORTING ROLE
Nominee,"Shohreh Aghdashloo -- House of Sand and Fog {""Nadi""}"
Nominee,"Patricia Clarkson -- Pieces of April {""Joy Burns""}"
Nominee,"Marcia Gay Harden -- Mystic River {""Celeste Boyle""}"
Nominee,"Holly Hunter -- Thirteen {""Melanie""}"
Winner,"Renée Zellweger -- Cold Mountain {""Ruby Thewes""}"
NA,DIRECTING
Nominee,City of God -- Fernando Meirelles
Winner,The Lord of the Rings: The Return of the King -- Peter Jackson
Nominee,Lost in Translation -- Sofia Coppola
Nominee,Master and Commander: The Far Side of the World -- Peter Weir
Nominee,Mystic River -- Clint Eastwood
NA,BEST PICTURE
Winner,"The Lord of the Rings: The Return of the King -- Barrie M. Osborne, Peter Jackson and Fran Walsh, Producers"
Nominee,"Lost in Translation -- Ross Katz and Sofia Coppola, Producers"
Nominee,"Master and Commander: The Far Side of the World -- Samuel Goldwyn, Jr., Peter Weir and Duncan Henderson, Producers"
Nominee,"Mystic River -- Robert Lorenz, Judie G. Hoyt and Clint Eastwood, Producers"
Nominee,"Seabiscuit -- Kathleen Kennedy, Frank Marshall and Gary Ross, Producers"
NA,2004 (77th)
NA,ACTOR IN A LEADING ROLE
Nominee,"Don Cheadle -- Hotel Rwanda {""Paul Rusesabagina""}"
Nominee,"Johnny Depp -- Finding Neverland {""Sir James Matthew Barrie""}"
Nominee,"Leonardo DiCaprio -- The Aviator {""Howard Hughes""}"
Nominee,"Clint Eastwood -- Million Dollar Baby {""Frankie Dunn""}"
Winner,"Jamie Foxx -- Ray {""Ray Charles""}"
NA,ACTOR IN A SUPPORTING ROLE
Nominee,"Alan Alda -- The Aviator {""Senator Ralph Owen Brewster""}"
Nominee,"Thomas Haden Church -- Sideways {""Jack""}"
Nominee,"Jamie Foxx -- Collateral {""Max""}"
Winner,"Morgan Freeman -- Million Dollar Baby {""Eddie Scrap-Iron Dupris""}"
Nominee,"Clive Owen -- Closer {""Larry""}"
NA,ACTRESS IN A LEADING ROLE
Nominee,"Annette Bening -- Being Julia {""Julia Lambert""}"
Nominee,"Catalina Sandino Moreno -- Maria Full of Grace {""Maria""}"
Nominee,"Imelda Staunton -- Vera Drake {""Vera""}"
Winner,"Hilary Swank -- Million Dollar Baby {""Maggie Fitzgerald""}"
Nominee,"Kate Winslet -- Eternal Sunshine of the Spotless Mind {""Clementine Kruczynski""}"
NA,ACTRESS IN A SUPPORTING ROLE
Winner,"Cate Blanchett -- The Aviator {""Katharine Hepburn""}"
Nominee,"Laura Linney -- Kinsey {""Clara McMillen""}"
Nominee,"Virginia Madsen -- Sideways {""Maya""}"
Nominee,"Sophie Okonedo -- Hotel Rwanda {""Tatiana Rusesabagina""}"
Nominee,"Natalie Portman -- Closer {""Alice""}"
NA,DIRECTING
Nominee,The Aviator -- Martin Scorsese
Winner,Million Dollar Baby -- Clint Eastwood
Nominee,Ray -- Taylor Hackford
Nominee,Sideways -- Alexander Payne
Nominee,Vera Drake -- Mike Leigh
NA,BEST PICTURE
Nominee,"The Aviator -- Michael Mann and Graham King, Producers"
Nominee,"Finding Neverland -- Richard N. Gladstein and Nellie Bellflower, Producers"
Winner,"Million Dollar Baby -- Clint Eastwood, Albert S. Ruddy and Tom Rosenberg, Producers"
Nominee,"Ray -- Taylor Hackford, Stuart Benjamin and Howard Baldwin, Producers"
Nominee,"Sideways -- Michael London, Producer"
NA,2005 (78th)
NA,ACTOR IN A LEADING ROLE
Winner,"Philip Seymour Hoffman -- Capote {""Truman Capote""}"
Nominee,"Terrence Howard -- Hustle & Flow {""DJay""}"
Nominee,"Heath Ledger -- Brokeback Mountain {""Ennis Del Mar""}"
Nominee,"Joaquin Phoenix -- Walk the Line {""John R. Cash""}"
Nominee,"David Strathairn -- Good Night, and Good Luck. {""Edward R. Murrow""}"
NA,ACTOR IN A SUPPORTING ROLE
Winner,"George Clooney -- Syriana {""Bob Barnes""}"
Nominee,"Matt Dillon -- Crash {""Officer Ryan""}"
Nominee,"Paul Giamatti -- Cinderella Man {""Joe Gould""}"
Nominee,"Jake Gyllenhaal -- Brokeback Mountain {""Jack Twist""}"
Nominee,"William Hurt -- A History of Violence {""Richie Cusack""}"
NA,ACTRESS IN A LEADING ROLE
Nominee,"Judi Dench -- Mrs. Henderson Presents {""Mrs. Laura Henderson""}"
Nominee,"Felicity Huffman -- Transamerica {""Bree""}"
Nominee,"Keira Knightley -- Pride & Prejudice {""Elizabeth Bennet""}"
Nominee,"Charlize Theron -- North Country {""Josey Aimes""}"
Winner,"Reese Witherspoon -- Walk the Line {""June Carter""}"
NA,ACTRESS IN A SUPPORTING ROLE
Nominee,"Amy Adams -- Junebug {""Ashley""}"
Nominee,"Catherine Keener -- Capote {""Nelle Harper Lee""}"
Nominee,"Frances McDormand -- North Country {""Glory""}"
Winner,"Rachel Weisz -- The Constant Gardener {""Tessa Quayle""}"
Nominee,"Michelle Williams -- Brokeback Mountain {""Alma""}"
NA,DIRECTING
Winner,Brokeback Mountain -- Ang Lee
Nominee,Capote -- Bennett Miller
Nominee,Crash -- Paul Haggis
Nominee,"Good Night, and Good Luck. -- George Clooney"
Nominee,Munich -- Steven Spielberg
NA,BEST PICTURE
Nominee,"Brokeback Mountain -- Diana Ossana and James Schamus, Producers"
Nominee,"Capote -- Caroline Baron, William Vince and Michael Ohoven, Producers"
Winner,"Crash -- Paul Haggis and Cathy Schulman, Producers"
Nominee,"Good Night, and Good Luck. -- Grant Heslov, Producer"
Nominee,"Munich -- Kathleen Kennedy, Steven Spielberg and Barry Mendel, Producers"
NA,2006 (79th)
NA,ACTOR IN A LEADING ROLE
Nominee,"Leonardo DiCaprio -- Blood Diamond {""Danny Archer""}"
Nominee,"Ryan Gosling -- Half Nelson {""Dan Dunne""}"
Nominee,"Peter O'Toole -- Venus {""Maurice""}"
Nominee,"Will Smith -- The Pursuit of Happyness {""Chris Gardner""}"
Winner,"Forest Whitaker -- The Last King of Scotland {""Idi Amin""}"
NA,ACTOR IN A SUPPORTING ROLE
Winner,"Alan Arkin -- Little Miss Sunshine {""Grandpa""}"
Nominee,"Jackie Earle Haley -- Little Children {""Ronnie J. McGorvey""}"
Nominee,"Djimon Hounsou -- Blood Diamond {""Solomon Vandy""}"
Nominee,"Eddie Murphy -- Dreamgirls {""James 'Thunder' Early""}"
Nominee,"Mark Wahlberg -- The Departed {""Dignam""}"
NA,ACTRESS IN A LEADING ROLE
Nominee,"Penélope Cruz -- Volver {""Raimunda""}"
Nominee,"Judi Dench -- Notes on a Scandal {""Barbara Covett""}"
Winner,"Helen Mirren -- The Queen {""The Queen""}"
Nominee,"Meryl Streep -- The Devil Wears Prada {""Miranda Priestly""}"
Nominee,"Kate Winslet -- Little Children {""Sarah Pierce""}"
NA,ACTRESS IN A SUPPORTING ROLE
Nominee,"Adriana Barraza -- Babel {""Amelia""}"
Nominee,"Cate Blanchett -- Notes on a Scandal {""Sheba Hart""}"
Nominee,"Abigail Breslin -- Little Miss Sunshine {""Olive""}"
Winner,"Jennifer Hudson -- Dreamgirls {""Effie White""}"
Nominee,"Rinko Kikuchi -- Babel {""Chieko""}"
NA,DIRECTING
Nominee,Babel -- Alejandro González Iñárritu
Winner,The Departed -- Martin Scorsese
Nominee,Letters from Iwo Jima -- Clint Eastwood
Nominee,The Queen -- Stephen Frears
Nominee,United 93 -- Paul Greengrass
NA,BEST PICTURE
Nominee,"Babel -- Alejandro González Iñárritu, Jon Kilik and Steve Golin, Producers"
Winner,"The Departed -- Graham King, Producer"
Nominee,"Letters from Iwo Jima -- Clint Eastwood, Steven Spielberg and Robert Lorenz, Producers"
Nominee,"Little Miss Sunshine -- David T. Friendly, Peter Saraf and Marc Turtletaub, Producers"
Nominee,"The Queen -- Andy Harries, Christine Langan and Tracey Seaward, Producers"
NA,2007 (80th)
NA,ACTOR IN A LEADING ROLE
Nominee,"George Clooney -- Michael Clayton {""Michael Clayton""}"
Winner,"Daniel Day-Lewis -- There Will Be Blood {""Daniel Plainview""}"
Nominee,"Johnny Depp -- Sweeney Todd The Demon Barber of Fleet Street {""Sweeney Todd""}"
Nominee,"Tommy Lee Jones -- In the Valley of Elah {""Hank Deerfield""}"
Nominee,"Viggo Mortensen -- Eastern Promises {""Nikolai""}"
NA,ACTOR IN A SUPPORTING ROLE
Nominee,"Casey Affleck -- The Assassination of Jesse James by the Coward Robert Ford {""Robert Ford""}"
Winner,"Javier Bardem -- No Country for Old Men {""Anton Chigurh""}"
Nominee,"Philip Seymour Hoffman -- Charlie Wilson's War {""Gust Avrakotos""}"
Nominee,"Hal Holbrook -- Into the Wild {""Ron Franz""}"
Nominee,"Tom Wilkinson -- Michael Clayton {""Arthur Edens""}"
NA,ACTRESS IN A LEADING ROLE
Nominee,"Cate Blanchett -- Elizabeth: The Golden Age {""Queen Elizabeth I""}"
Nominee,"Julie Christie -- Away from Her {""Fiona""}"
Winner,"Marion Cotillard -- La Vie en Rose {""Edith Piaf""}"
Nominee,"Laura Linney -- The Savages {""Wendy Savage""}"
Nominee,"Elliot Page -- Juno {""Juno MacGuff""}"
Nominee,
NA,ACTRESS IN A SUPPORTING ROLE
Nominee,"Cate Blanchett -- I'm Not There {""Jude""}"
Nominee,"Ruby Dee -- American Gangster {""Mama Lucas""}"
Nominee,"Saoirse Ronan -- Atonement {""Briony Tallis, aged 13""}"
Nominee,"Amy Ryan -- Gone Baby Gone {""Helene McCready""}"
Winner,"Tilda Swinton -- Michael Clayton {""Karen Crowder""}"
NA,DIRECTING
Nominee,The Diving Bell and the Butterfly -- Julian Schnabel
Nominee,Juno -- Jason Reitman
Nominee,Michael Clayton -- Tony Gilroy
Winner,No Country for Old Men -- Joel Coen and Ethan Coen
Nominee,There Will Be Blood -- Paul Thomas Anderson
NA,BEST PICTURE
Nominee,"Atonement -- Tim Bevan, Eric Fellner and Paul Webster, Producers"
Nominee,"Juno -- Lianne Halfon, Mason Novick and Russell Smith, Producers"
Nominee,"Michael Clayton -- Sydney Pollack, Jennifer Fox and Kerry Orent, Producers"
Winner,"No Country for Old Men -- Scott Rudin, Ethan Coen and Joel Coen, Producers"
Nominee,"There Will Be Blood -- JoAnne Sellar, Paul Thomas Anderson and Daniel Lupi, Producers"
NA,2008 (81st)
NA,ACTOR IN A LEADING ROLE
Nominee,"Richard Jenkins -- The Visitor {""Walter""}"
Nominee,"Frank Langella -- Frost/Nixon {""Richard Nixon""}"
Winner,"Sean Penn -- Milk {""Harvey Milk""}"
Nominee,"Brad Pitt -- The Curious Case of Benjamin Button {""Benjamin Button""}"
Nominee,"Mickey Rourke -- The Wrestler {""Randy""}"
NA,ACTOR IN A SUPPORTING ROLE
Nominee,"Josh Brolin -- Milk {""Dan White""}"
Nominee,"Robert Downey Jr. -- Tropic Thunder {""Kirk Lazarus""}"
Nominee,"Philip Seymour Hoffman -- Doubt {""Father Brendan Flynn""}"
Winner,"Heath Ledger -- The Dark Knight {""Joker""}"
Nominee,"Michael Shannon -- Revolutionary Road {""John Givings""}"
NA,ACTRESS IN A LEADING ROLE
Nominee,"Anne Hathaway -- Rachel Getting Married {""Kym""}"
Nominee,"Angelina Jolie -- Changeling {""Christine Collins""}"
Nominee,"Melissa Leo -- Frozen River {""Ray Eddy""}"
Nominee,"Meryl Streep -- Doubt {""Sister Aloysius Beauvier""}"
Winner,"Kate Winslet -- The Reader {""Hanna Schmitz""}"
NA,ACTRESS IN A SUPPORTING ROLE
Nominee,"Amy Adams -- Doubt {""Sister James""}"
Winner,"Penélope Cruz -- Vicky Cristina Barcelona {""Maria Elena""}"
Nominee,"Viola Davis -- Doubt {""Mrs. Miller""}"
Nominee,"Taraji P. Henson -- The Curious Case of Benjamin Button {""Queenie""}"
Nominee,"Marisa Tomei -- The Wrestler {""Cassidy""}"
NA,DIRECTING
Nominee,The Curious Case of Benjamin Button -- David Fincher
Nominee,Frost/Nixon -- Ron Howard
Nominee,Milk -- Gus Van Sant
Nominee,The Reader -- Stephen Daldry
Winner,Slumdog Millionaire -- Danny Boyle
NA,BEST PICTURE
Nominee,"The Curious Case of Benjamin Button -- Kathleen Kennedy, Frank Marshall and Ceán Chaffin, Producers"
Nominee,"Frost/Nixon -- Brian Grazer, Ron Howard and Eric Fellner, Producers"
Nominee,"Milk -- Dan Jinks and Bruce Cohen, Producers"
Nominee,"The Reader -- Anthony Minghella, Sydney Pollack, Donna Gigliotti and Redmond Morris, Producers"
Nominee,"Slumdog Millionaire -- Christian Colson, Producer"
NA,2009 (82nd)
NA,ACTOR IN A LEADING ROLE
Winner,"Jeff Bridges -- Crazy Heart {""Bad Blake""}"
Nominee,"George Clooney -- Up in the Air {""Ryan Bingham""}"
Nominee,"Colin Firth -- A Single Man {""George""}"
Nominee,"Morgan Freeman -- Invictus {""Nelson Mandela""}"
Nominee,"Jeremy Renner -- The Hurt Locker {""Staff Sergeant William James""}"
NA,ACTOR IN A SUPPORTING ROLE
Nominee,"Matt Damon -- Invictus {""Francois Pienaar""}"
Nominee,"Woody Harrelson -- The Messenger {""Captain Tony Stone""}"
Nominee,"Christopher Plummer -- The Last Station {""Tolstoy""}"
Nominee,"Stanley Tucci -- The Lovely Bones {""George Harvey""}"
Winner,"Christoph Waltz -- Inglourious Basterds {""Col. Hans Landa""}"
NA,ACTRESS IN A LEADING ROLE
Winner,"Sandra Bullock -- The Blind Side {""Leigh Anne Tuohy""}"
Nominee,"Helen Mirren -- The Last Station {""Sofya""}"
Nominee,"Carey Mulligan -- An Education {""Jenny""}"
Nominee,"Gabourey Sidibe -- Precious: Based on the Novel 'Push' by Sapphire {""Precious""}"
Nominee,"Meryl Streep -- Julie & Julia {""Julia Child""}"
NA,ACTRESS IN A SUPPORTING ROLE
Nominee,"Penélope Cruz -- Nine {""Carla""}"
Nominee,"Vera Farmiga -- Up in the Air {""Alex Goran""}"
Nominee,"Maggie Gyllenhaal -- Crazy Heart {""Jean Craddock""}"
Nominee,"Anna Kendrick -- Up in the Air {""Natalie Keener""}"
Winner,"Mo'Nique -- Precious: Based on the Novel 'Push' by Sapphire {""Mary""}"
NA,DIRECTING
Nominee,Avatar -- James Cameron
Winner,The Hurt Locker -- Kathryn Bigelow
Nominee,Inglourious Basterds -- Quentin Tarantino
Nominee,Precious: Based on the Novel 'Push' by Sapphire -- Lee Daniels
Nominee,Up in the Air -- Jason Reitman
NA,BEST PICTURE
Nominee,"Avatar -- James Cameron and Jon Landau, Producers"
Nominee,"The Blind Side -- Gil Netter, Andrew A. Kosove and Broderick Johnson, Producers"
Nominee,"District 9 -- Peter Jackson and Carolynne Cunningham, Producers"
Nominee,"An Education -- Finola Dwyer and Amanda Posey, Producers"
Winner,"The Hurt Locker -- Kathryn Bigelow, Mark Boal, Nicolas Chartier and Greg Shapiro, Producers"
Nominee,"Inglourious Basterds -- Lawrence Bender, Producer"
Nominee,"Precious: Based on the Novel 'Push' by Sapphire -- Lee Daniels, Sarah Siegel-Magness and Gary Magness, Producers"
Nominee,"A Serious Man -- Joel Coen and Ethan Coen, Producers"
Nominee,"Up -- Jonas Rivera, Producer"
Nominee,"Up in the Air -- Daniel Dubiecki, Ivan Reitman and Jason Reitman, Producers"